,result,documentation,terms_of_use,time_last_update_unix,time_last_update_utc,time_next_update_unix,time_next_update_utc,base_code,conversion_rates
USD,success,https://www.exchangerate-api.com/docs,https://www.exchangerate-api.com/terms,1714521602,"Wed, 01 May 2024 00:00:02 +0000",1714608002,"Thu, 02 May 2024 00:00:02 +0000",USD,1.0
AED,success,https://www.exchangerate-api.com/docs,https://www.exchangerate-api.com/terms,1714521602,"Wed, 01 May 2024 00:00:02 +0000",1714608002,"Thu, 02 May 2024 00:00:02 +0000",USD,3.6725
AFN,success,https://www.exchangerate-api.com/docs,https://www.exchangerate-api.com/terms,1714521602,"Wed, 01 May 2024 00:00:02 +0000",1714608002,"Thu, 02 May 2024 00:00:02 +0000",USD,72.4339
ALL,success,https://www.exchangerate-api.com/docs,https://www.exchangerate-api.com/terms,1714521602,"Wed, 01 May 2024 00:00:02 +0000",1714608002,"Thu, 02 May 2024 00:00:02 +0000",USD,93.8961
AMD,success,https://www.exchangerate-api.com/docs,https://www.exchangerate-api.com/terms,1714521602,"Wed, 01 May 2024 00:00:02 +0000",1714608002,"Thu, 02 May 2024 00:00:02 +0000",USD,388.1877
ANG,success,https://www.exchangerate-api.com/docs,https://www.exchangerate-api.com/terms,1714521602,"Wed, 01 May 2024 00:00:02 +0000",1714608002,"Thu, 02 May 2024 00:00:02 +0000",USD,1.79
AOA,success,https://www.exchangerate-api.com/docs,https://www.exchangerate-api.com/terms,1714521602,"Wed, 01 May 2024 00:00:02 +0000",1714608002,"Thu, 02 May 2024 00:00:02 +0000",USD,844.3615
ARS,success,https://www.exchangerate-api.com/docs,https://www.exchangerate-api.com/terms,1714521602,"Wed, 01 May 2024 00:00:02 +0000",1714608002,"Thu, 02 May 2024 00:00:02 +0000",USD,864.75
AUD,success,https://www.exchangerate-api.com/docs,https://www.exchangerate-api.com/terms,1714521602,"Wed, 01 May 2024 00:00:02 +0000",1714608002,"Thu, 02 May 2024 00:00:02 +0000",USD,1.5403
AWG,success,https://www.exchangerate-api.com/docs,https://www.exchangerate-api.com/terms,1714521602,"Wed, 01 May 2024 00:00:02 +0000",1714608002,"Thu, 02 May 2024 00:00:02 +0000",USD,1.79
AZN,success,https://www.exchangerate-api.com/docs,https://www.exchangerate-api.com/terms,1714521602,"Wed, 01 May 2024 00:00:02 +0000",1714608002,"Thu, 02 May 2024 00:00:02 +0000",USD,1.7008
BAM,success,https://www.exchangerate-api.com/docs,https://www.exchangerate-api.com/terms,1714521602,"Wed, 01 May 2024 00:00:02 +0000",1714608002,"Thu, 02 May 2024 00:00:02 +0000",USD,1.8305
BBD,success,https://www.exchangerate-api.com/docs,https://www.exchangerate-api.com/terms,1714521602,"Wed, 01 May 2024 00:00:02 +0000",1714608002,"Thu, 02 May 2024 00:00:02 +0000",USD,2.0
BDT,success,https://www.exchangerate-api.com/docs,https://www.exchangerate-api.com/terms,1714521602,"Wed, 01 May 2024 00:00:02 +0000",1714608002,"Thu, 02 May 2024 00:00:02 +0000",USD,109.7162
BGN,success,https://www.exchangerate-api.com/docs,https://www.exchangerate-api.com/terms,1714521602,"Wed, 01 May 2024 00:00:02 +0000",1714608002,"Thu, 02 May 2024 00:00:02 +0000",USD,1.8299
BHD,success,https://www.exchangerate-api.com/docs,https://www.exchangerate-api.com/terms,1714521602,"Wed, 01 May 2024 00:00:02 +0000",1714608002,"Thu, 02 May 2024 00:00:02 +0000",USD,0.376
BIF,success,https://www.exchangerate-api.com/docs,https://www.exchangerate-api.com/terms,1714521602,"Wed, 01 May 2024 00:00:02 +0000",1714608002,"Thu, 02 May 2024 00:00:02 +0000",USD,2863.4023
BMD,success,https://www.exchangerate-api.com/docs,https://www.exchangerate-api.com/terms,1714521602,"Wed, 01 May 2024 00:00:02 +0000",1714608002,"Thu, 02 May 2024 00:00:02 +0000",USD,1.0
BND,success,https://www.exchangerate-api.com/docs,https://www.exchangerate-api.com/terms,1714521602,"Wed, 01 May 2024 00:00:02 +0000",1714608002,"Thu, 02 May 2024 00:00:02 +0000",USD,1.3637
BOB,success,https://www.exchangerate-api.com/docs,https://www.exchangerate-api.com/terms,1714521602,"Wed, 01 May 2024 00:00:02 +0000",1714608002,"Thu, 02 May 2024 00:00:02 +0000",USD,6.9254
BRL,success,https://www.exchangerate-api.com/docs,https://www.exchangerate-api.com/terms,1714521602,"Wed, 01 May 2024 00:00:02 +0000",1714608002,"Thu, 02 May 2024 00:00:02 +0000",USD,5.1204
BSD,success,https://www.exchangerate-api.com/docs,https://www.exchangerate-api.com/terms,1714521602,"Wed, 01 May 2024 00:00:02 +0000",1714608002,"Thu, 02 May 2024 00:00:02 +0000",USD,1.0
BTN,success,https://www.exchangerate-api.com/docs,https://www.exchangerate-api.com/terms,1714521602,"Wed, 01 May 2024 00:00:02 +0000",1714608002,"Thu, 02 May 2024 00:00:02 +0000",USD,83.489
BWP,success,https://www.exchangerate-api.com/docs,https://www.exchangerate-api.com/terms,1714521602,"Wed, 01 May 2024 00:00:02 +0000",1714608002,"Thu, 02 May 2024 00:00:02 +0000",USD,13.8085
BYN,success,https://www.exchangerate-api.com/docs,https://www.exchangerate-api.com/terms,1714521602,"Wed, 01 May 2024 00:00:02 +0000",1714608002,"Thu, 02 May 2024 00:00:02 +0000",USD,3.2635
BZD,success,https://www.exchangerate-api.com/docs,https://www.exchangerate-api.com/terms,1714521602,"Wed, 01 May 2024 00:00:02 +0000",1714608002,"Thu, 02 May 2024 00:00:02 +0000",USD,2.0
CAD,success,https://www.exchangerate-api.com/docs,https://www.exchangerate-api.com/terms,1714521602,"Wed, 01 May 2024 00:00:02 +0000",1714608002,"Thu, 02 May 2024 00:00:02 +0000",USD,1.3736
CDF,success,https://www.exchangerate-api.com/docs,https://www.exchangerate-api.com/terms,1714521602,"Wed, 01 May 2024 00:00:02 +0000",1714608002,"Thu, 02 May 2024 00:00:02 +0000",USD,2769.8684
CHF,success,https://www.exchangerate-api.com/docs,https://www.exchangerate-api.com/terms,1714521602,"Wed, 01 May 2024 00:00:02 +0000",1714608002,"Thu, 02 May 2024 00:00:02 +0000",USD,0.9169
CLP,success,https://www.exchangerate-api.com/docs,https://www.exchangerate-api.com/terms,1714521602,"Wed, 01 May 2024 00:00:02 +0000",1714608002,"Thu, 02 May 2024 00:00:02 +0000",USD,941.798
CNY,success,https://www.exchangerate-api.com/docs,https://www.exchangerate-api.com/terms,1714521602,"Wed, 01 May 2024 00:00:02 +0000",1714608002,"Thu, 02 May 2024 00:00:02 +0000",USD,7.2449
COP,success,https://www.exchangerate-api.com/docs,https://www.exchangerate-api.com/terms,1714521602,"Wed, 01 May 2024 00:00:02 +0000",1714608002,"Thu, 02 May 2024 00:00:02 +0000",USD,3853.8935
CRC,success,https://www.exchangerate-api.com/docs,https://www.exchangerate-api.com/terms,1714521602,"Wed, 01 May 2024 00:00:02 +0000",1714608002,"Thu, 02 May 2024 00:00:02 +0000",USD,507.3846
CUP,success,https://www.exchangerate-api.com/docs,https://www.exchangerate-api.com/terms,1714521602,"Wed, 01 May 2024 00:00:02 +0000",1714608002,"Thu, 02 May 2024 00:00:02 +0000",USD,24.0
CVE,success,https://www.exchangerate-api.com/docs,https://www.exchangerate-api.com/terms,1714521602,"Wed, 01 May 2024 00:00:02 +0000",1714608002,"Thu, 02 May 2024 00:00:02 +0000",USD,103.1988
CZK,success,https://www.exchangerate-api.com/docs,https://www.exchangerate-api.com/terms,1714521602,"Wed, 01 May 2024 00:00:02 +0000",1714608002,"Thu, 02 May 2024 00:00:02 +0000",USD,23.5041
DJF,success,https://www.exchangerate-api.com/docs,https://www.exchangerate-api.com/terms,1714521602,"Wed, 01 May 2024 00:00:02 +0000",1714608002,"Thu, 02 May 2024 00:00:02 +0000",USD,177.721
DKK,success,https://www.exchangerate-api.com/docs,https://www.exchangerate-api.com/terms,1714521602,"Wed, 01 May 2024 00:00:02 +0000",1714608002,"Thu, 02 May 2024 00:00:02 +0000",USD,6.9811
DOP,success,https://www.exchangerate-api.com/docs,https://www.exchangerate-api.com/terms,1714521602,"Wed, 01 May 2024 00:00:02 +0000",1714608002,"Thu, 02 May 2024 00:00:02 +0000",USD,58.4775
DZD,success,https://www.exchangerate-api.com/docs,https://www.exchangerate-api.com/terms,1714521602,"Wed, 01 May 2024 00:00:02 +0000",1714608002,"Thu, 02 May 2024 00:00:02 +0000",USD,134.3321
EGP,success,https://www.exchangerate-api.com/docs,https://www.exchangerate-api.com/terms,1714521602,"Wed, 01 May 2024 00:00:02 +0000",1714608002,"Thu, 02 May 2024 00:00:02 +0000",USD,47.8527
ERN,success,https://www.exchangerate-api.com/docs,https://www.exchangerate-api.com/terms,1714521602,"Wed, 01 May 2024 00:00:02 +0000",1714608002,"Thu, 02 May 2024 00:00:02 +0000",USD,15.0
ETB,success,https://www.exchangerate-api.com/docs,https://www.exchangerate-api.com/terms,1714521602,"Wed, 01 May 2024 00:00:02 +0000",1714608002,"Thu, 02 May 2024 00:00:02 +0000",USD,57.3869
EUR,success,https://www.exchangerate-api.com/docs,https://www.exchangerate-api.com/terms,1714521602,"Wed, 01 May 2024 00:00:02 +0000",1714608002,"Thu, 02 May 2024 00:00:02 +0000",USD,0.9359
FJD,success,https://www.exchangerate-api.com/docs,https://www.exchangerate-api.com/terms,1714521602,"Wed, 01 May 2024 00:00:02 +0000",1714608002,"Thu, 02 May 2024 00:00:02 +0000",USD,2.2596
FKP,success,https://www.exchangerate-api.com/docs,https://www.exchangerate-api.com/terms,1714521602,"Wed, 01 May 2024 00:00:02 +0000",1714608002,"Thu, 02 May 2024 00:00:02 +0000",USD,0.7993
FOK,success,https://www.exchangerate-api.com/docs,https://www.exchangerate-api.com/terms,1714521602,"Wed, 01 May 2024 00:00:02 +0000",1714608002,"Thu, 02 May 2024 00:00:02 +0000",USD,6.9811
GBP,success,https://www.exchangerate-api.com/docs,https://www.exchangerate-api.com/terms,1714521602,"Wed, 01 May 2024 00:00:02 +0000",1714608002,"Thu, 02 May 2024 00:00:02 +0000",USD,0.7993
GEL,success,https://www.exchangerate-api.com/docs,https://www.exchangerate-api.com/terms,1714521602,"Wed, 01 May 2024 00:00:02 +0000",1714608002,"Thu, 02 May 2024 00:00:02 +0000",USD,2.6846
GGP,success,https://www.exchangerate-api.com/docs,https://www.exchangerate-api.com/terms,1714521602,"Wed, 01 May 2024 00:00:02 +0000",1714608002,"Thu, 02 May 2024 00:00:02 +0000",USD,0.7993
GHS,success,https://www.exchangerate-api.com/docs,https://www.exchangerate-api.com/terms,1714521602,"Wed, 01 May 2024 00:00:02 +0000",1714608002,"Thu, 02 May 2024 00:00:02 +0000",USD,13.6827
GIP,success,https://www.exchangerate-api.com/docs,https://www.exchangerate-api.com/terms,1714521602,"Wed, 01 May 2024 00:00:02 +0000",1714608002,"Thu, 02 May 2024 00:00:02 +0000",USD,0.7993
GMD,success,https://www.exchangerate-api.com/docs,https://www.exchangerate-api.com/terms,1714521602,"Wed, 01 May 2024 00:00:02 +0000",1714608002,"Thu, 02 May 2024 00:00:02 +0000",USD,66.7187
GNF,success,https://www.exchangerate-api.com/docs,https://www.exchangerate-api.com/terms,1714521602,"Wed, 01 May 2024 00:00:02 +0000",1714608002,"Thu, 02 May 2024 00:00:02 +0000",USD,8575.5165
GTQ,success,https://www.exchangerate-api.com/docs,https://www.exchangerate-api.com/terms,1714521602,"Wed, 01 May 2024 00:00:02 +0000",1714608002,"Thu, 02 May 2024 00:00:02 +0000",USD,7.7718
GYD,success,https://www.exchangerate-api.com/docs,https://www.exchangerate-api.com/terms,1714521602,"Wed, 01 May 2024 00:00:02 +0000",1714608002,"Thu, 02 May 2024 00:00:02 +0000",USD,209.1428
HKD,success,https://www.exchangerate-api.com/docs,https://www.exchangerate-api.com/terms,1714521602,"Wed, 01 May 2024 00:00:02 +0000",1714608002,"Thu, 02 May 2024 00:00:02 +0000",USD,7.8223
HNL,success,https://www.exchangerate-api.com/docs,https://www.exchangerate-api.com/terms,1714521602,"Wed, 01 May 2024 00:00:02 +0000",1714608002,"Thu, 02 May 2024 00:00:02 +0000",USD,24.7215
HRK,success,https://www.exchangerate-api.com/docs,https://www.exchangerate-api.com/terms,1714521602,"Wed, 01 May 2024 00:00:02 +0000",1714608002,"Thu, 02 May 2024 00:00:02 +0000",USD,7.0517
HTG,success,https://www.exchangerate-api.com/docs,https://www.exchangerate-api.com/terms,1714521602,"Wed, 01 May 2024 00:00:02 +0000",1714608002,"Thu, 02 May 2024 00:00:02 +0000",USD,132.5152
HUF,success,https://www.exchangerate-api.com/docs,https://www.exchangerate-api.com/terms,1714521602,"Wed, 01 May 2024 00:00:02 +0000",1714608002,"Thu, 02 May 2024 00:00:02 +0000",USD,365.3552
IDR,success,https://www.exchangerate-api.com/docs,https://www.exchangerate-api.com/terms,1714521602,"Wed, 01 May 2024 00:00:02 +0000",1714608002,"Thu, 02 May 2024 00:00:02 +0000",USD,16262.8697
ILS,success,https://www.exchangerate-api.com/docs,https://www.exchangerate-api.com/terms,1714521602,"Wed, 01 May 2024 00:00:02 +0000",1714608002,"Thu, 02 May 2024 00:00:02 +0000",USD,3.7406
IMP,success,https://www.exchangerate-api.com/docs,https://www.exchangerate-api.com/terms,1714521602,"Wed, 01 May 2024 00:00:02 +0000",1714608002,"Thu, 02 May 2024 00:00:02 +0000",USD,0.7993
INR,success,https://www.exchangerate-api.com/docs,https://www.exchangerate-api.com/terms,1714521602,"Wed, 01 May 2024 00:00:02 +0000",1714608002,"Thu, 02 May 2024 00:00:02 +0000",USD,83.489
IQD,success,https://www.exchangerate-api.com/docs,https://www.exchangerate-api.com/terms,1714521602,"Wed, 01 May 2024 00:00:02 +0000",1714608002,"Thu, 02 May 2024 00:00:02 +0000",USD,1308.742
IRR,success,https://www.exchangerate-api.com/docs,https://www.exchangerate-api.com/terms,1714521602,"Wed, 01 May 2024 00:00:02 +0000",1714608002,"Thu, 02 May 2024 00:00:02 +0000",USD,42047.9013
ISK,success,https://www.exchangerate-api.com/docs,https://www.exchangerate-api.com/terms,1714521602,"Wed, 01 May 2024 00:00:02 +0000",1714608002,"Thu, 02 May 2024 00:00:02 +0000",USD,140.2253
JEP,success,https://www.exchangerate-api.com/docs,https://www.exchangerate-api.com/terms,1714521602,"Wed, 01 May 2024 00:00:02 +0000",1714608002,"Thu, 02 May 2024 00:00:02 +0000",USD,0.7993
JMD,success,https://www.exchangerate-api.com/docs,https://www.exchangerate-api.com/terms,1714521602,"Wed, 01 May 2024 00:00:02 +0000",1714608002,"Thu, 02 May 2024 00:00:02 +0000",USD,156.0983
JOD,success,https://www.exchangerate-api.com/docs,https://www.exchangerate-api.com/terms,1714521602,"Wed, 01 May 2024 00:00:02 +0000",1714608002,"Thu, 02 May 2024 00:00:02 +0000",USD,0.709
JPY,success,https://www.exchangerate-api.com/docs,https://www.exchangerate-api.com/terms,1714521602,"Wed, 01 May 2024 00:00:02 +0000",1714608002,"Thu, 02 May 2024 00:00:02 +0000",USD,157.3776
KES,success,https://www.exchangerate-api.com/docs,https://www.exchangerate-api.com/terms,1714521602,"Wed, 01 May 2024 00:00:02 +0000",1714608002,"Thu, 02 May 2024 00:00:02 +0000",USD,134.6947
KGS,success,https://www.exchangerate-api.com/docs,https://www.exchangerate-api.com/terms,1714521602,"Wed, 01 May 2024 00:00:02 +0000",1714608002,"Thu, 02 May 2024 00:00:02 +0000",USD,88.9698
KHR,success,https://www.exchangerate-api.com/docs,https://www.exchangerate-api.com/terms,1714521602,"Wed, 01 May 2024 00:00:02 +0000",1714608002,"Thu, 02 May 2024 00:00:02 +0000",USD,4052.9607
KID,success,https://www.exchangerate-api.com/docs,https://www.exchangerate-api.com/terms,1714521602,"Wed, 01 May 2024 00:00:02 +0000",1714608002,"Thu, 02 May 2024 00:00:02 +0000",USD,1.5406
KMF,success,https://www.exchangerate-api.com/docs,https://www.exchangerate-api.com/terms,1714521602,"Wed, 01 May 2024 00:00:02 +0000",1714608002,"Thu, 02 May 2024 00:00:02 +0000",USD,460.4404
KRW,success,https://www.exchangerate-api.com/docs,https://www.exchangerate-api.com/terms,1714521602,"Wed, 01 May 2024 00:00:02 +0000",1714608002,"Thu, 02 May 2024 00:00:02 +0000",USD,1382.9706
KWD,success,https://www.exchangerate-api.com/docs,https://www.exchangerate-api.com/terms,1714521602,"Wed, 01 May 2024 00:00:02 +0000",1714608002,"Thu, 02 May 2024 00:00:02 +0000",USD,0.308
KYD,success,https://www.exchangerate-api.com/docs,https://www.exchangerate-api.com/terms,1714521602,"Wed, 01 May 2024 00:00:02 +0000",1714608002,"Thu, 02 May 2024 00:00:02 +0000",USD,0.8333
KZT,success,https://www.exchangerate-api.com/docs,https://www.exchangerate-api.com/terms,1714521602,"Wed, 01 May 2024 00:00:02 +0000",1714608002,"Thu, 02 May 2024 00:00:02 +0000",USD,441.8214
LAK,success,https://www.exchangerate-api.com/docs,https://www.exchangerate-api.com/terms,1714521602,"Wed, 01 May 2024 00:00:02 +0000",1714608002,"Thu, 02 May 2024 00:00:02 +0000",USD,21534.1155
LBP,success,https://www.exchangerate-api.com/docs,https://www.exchangerate-api.com/terms,1714521602,"Wed, 01 May 2024 00:00:02 +0000",1714608002,"Thu, 02 May 2024 00:00:02 +0000",USD,89500.0
LKR,success,https://www.exchangerate-api.com/docs,https://www.exchangerate-api.com/terms,1714521602,"Wed, 01 May 2024 00:00:02 +0000",1714608002,"Thu, 02 May 2024 00:00:02 +0000",USD,297.4995
LRD,success,https://www.exchangerate-api.com/docs,https://www.exchangerate-api.com/terms,1714521602,"Wed, 01 May 2024 00:00:02 +0000",1714608002,"Thu, 02 May 2024 00:00:02 +0000",USD,193.736
LSL,success,https://www.exchangerate-api.com/docs,https://www.exchangerate-api.com/terms,1714521602,"Wed, 01 May 2024 00:00:02 +0000",1714608002,"Thu, 02 May 2024 00:00:02 +0000",USD,18.7559
LYD,success,https://www.exchangerate-api.com/docs,https://www.exchangerate-api.com/terms,1714521602,"Wed, 01 May 2024 00:00:02 +0000",1714608002,"Thu, 02 May 2024 00:00:02 +0000",USD,4.8627
MAD,success,https://www.exchangerate-api.com/docs,https://www.exchangerate-api.com/terms,1714521602,"Wed, 01 May 2024 00:00:02 +0000",1714608002,"Thu, 02 May 2024 00:00:02 +0000",USD,10.1006
MDL,success,https://www.exchangerate-api.com/docs,https://www.exchangerate-api.com/terms,1714521602,"Wed, 01 May 2024 00:00:02 +0000",1714608002,"Thu, 02 May 2024 00:00:02 +0000",USD,17.685
MGA,success,https://www.exchangerate-api.com/docs,https://www.exchangerate-api.com/terms,1714521602,"Wed, 01 May 2024 00:00:02 +0000",1714608002,"Thu, 02 May 2024 00:00:02 +0000",USD,4429.7373
MKD,success,https://www.exchangerate-api.com/docs,https://www.exchangerate-api.com/terms,1714521602,"Wed, 01 May 2024 00:00:02 +0000",1714608002,"Thu, 02 May 2024 00:00:02 +0000",USD,57.4341
MMK,success,https://www.exchangerate-api.com/docs,https://www.exchangerate-api.com/terms,1714521602,"Wed, 01 May 2024 00:00:02 +0000",1714608002,"Thu, 02 May 2024 00:00:02 +0000",USD,2101.3689
MNT,success,https://www.exchangerate-api.com/docs,https://www.exchangerate-api.com/terms,1714521602,"Wed, 01 May 2024 00:00:02 +0000",1714608002,"Thu, 02 May 2024 00:00:02 +0000",USD,3382.8779
MOP,success,https://www.exchangerate-api.com/docs,https://www.exchangerate-api.com/terms,1714521602,"Wed, 01 May 2024 00:00:02 +0000",1714608002,"Thu, 02 May 2024 00:00:02 +0000",USD,8.0571
MRU,success,https://www.exchangerate-api.com/docs,https://www.exchangerate-api.com/terms,1714521602,"Wed, 01 May 2024 00:00:02 +0000",1714608002,"Thu, 02 May 2024 00:00:02 +0000",USD,39.4304
MUR,success,https://www.exchangerate-api.com/docs,https://www.exchangerate-api.com/terms,1714521602,"Wed, 01 May 2024 00:00:02 +0000",1714608002,"Thu, 02 May 2024 00:00:02 +0000",USD,46.2906
MVR,success,https://www.exchangerate-api.com/docs,https://www.exchangerate-api.com/terms,1714521602,"Wed, 01 May 2024 00:00:02 +0000",1714608002,"Thu, 02 May 2024 00:00:02 +0000",USD,15.4437
MWK,success,https://www.exchangerate-api.com/docs,https://www.exchangerate-api.com/terms,1714521602,"Wed, 01 May 2024 00:00:02 +0000",1714608002,"Thu, 02 May 2024 00:00:02 +0000",USD,1739.5846
MXN,success,https://www.exchangerate-api.com/docs,https://www.exchangerate-api.com/terms,1714521602,"Wed, 01 May 2024 00:00:02 +0000",1714608002,"Thu, 02 May 2024 00:00:02 +0000",USD,17.1001
MYR,success,https://www.exchangerate-api.com/docs,https://www.exchangerate-api.com/terms,1714521602,"Wed, 01 May 2024 00:00:02 +0000",1714608002,"Thu, 02 May 2024 00:00:02 +0000",USD,4.7688
MZN,success,https://www.exchangerate-api.com/docs,https://www.exchangerate-api.com/terms,1714521602,"Wed, 01 May 2024 00:00:02 +0000",1714608002,"Thu, 02 May 2024 00:00:02 +0000",USD,63.78
NAD,success,https://www.exchangerate-api.com/docs,https://www.exchangerate-api.com/terms,1714521602,"Wed, 01 May 2024 00:00:02 +0000",1714608002,"Thu, 02 May 2024 00:00:02 +0000",USD,18.7559
NGN,success,https://www.exchangerate-api.com/docs,https://www.exchangerate-api.com/terms,1714521602,"Wed, 01 May 2024 00:00:02 +0000",1714608002,"Thu, 02 May 2024 00:00:02 +0000",USD,1349.4372
NIO,success,https://www.exchangerate-api.com/docs,https://www.exchangerate-api.com/terms,1714521602,"Wed, 01 May 2024 00:00:02 +0000",1714608002,"Thu, 02 May 2024 00:00:02 +0000",USD,36.8184
NOK,success,https://www.exchangerate-api.com/docs,https://www.exchangerate-api.com/terms,1714521602,"Wed, 01 May 2024 00:00:02 +0000",1714608002,"Thu, 02 May 2024 00:00:02 +0000",USD,11.0832
NPR,success,https://www.exchangerate-api.com/docs,https://www.exchangerate-api.com/terms,1714521602,"Wed, 01 May 2024 00:00:02 +0000",1714608002,"Thu, 02 May 2024 00:00:02 +0000",USD,133.5823
NZD,success,https://www.exchangerate-api.com/docs,https://www.exchangerate-api.com/terms,1714521602,"Wed, 01 May 2024 00:00:02 +0000",1714608002,"Thu, 02 May 2024 00:00:02 +0000",USD,1.6944
OMR,success,https://www.exchangerate-api.com/docs,https://www.exchangerate-api.com/terms,1714521602,"Wed, 01 May 2024 00:00:02 +0000",1714608002,"Thu, 02 May 2024 00:00:02 +0000",USD,0.3845
PAB,success,https://www.exchangerate-api.com/docs,https://www.exchangerate-api.com/terms,1714521602,"Wed, 01 May 2024 00:00:02 +0000",1714608002,"Thu, 02 May 2024 00:00:02 +0000",USD,1.0
PEN,success,https://www.exchangerate-api.com/docs,https://www.exchangerate-api.com/terms,1714521602,"Wed, 01 May 2024 00:00:02 +0000",1714608002,"Thu, 02 May 2024 00:00:02 +0000",USD,3.7462
PGK,success,https://www.exchangerate-api.com/docs,https://www.exchangerate-api.com/terms,1714521602,"Wed, 01 May 2024 00:00:02 +0000",1714608002,"Thu, 02 May 2024 00:00:02 +0000",USD,3.8309
PHP,success,https://www.exchangerate-api.com/docs,https://www.exchangerate-api.com/terms,1714521602,"Wed, 01 May 2024 00:00:02 +0000",1714608002,"Thu, 02 May 2024 00:00:02 +0000",USD,57.7419
PKR,success,https://www.exchangerate-api.com/docs,https://www.exchangerate-api.com/terms,1714521602,"Wed, 01 May 2024 00:00:02 +0000",1714608002,"Thu, 02 May 2024 00:00:02 +0000",USD,278.8389
PLN,success,https://www.exchangerate-api.com/docs,https://www.exchangerate-api.com/terms,1714521602,"Wed, 01 May 2024 00:00:02 +0000",1714608002,"Thu, 02 May 2024 00:00:02 +0000",USD,4.0418
PYG,success,https://www.exchangerate-api.com/docs,https://www.exchangerate-api.com/terms,1714521602,"Wed, 01 May 2024 00:00:02 +0000",1714608002,"Thu, 02 May 2024 00:00:02 +0000",USD,7481.0334
QAR,success,https://www.exchangerate-api.com/docs,https://www.exchangerate-api.com/terms,1714521602,"Wed, 01 May 2024 00:00:02 +0000",1714608002,"Thu, 02 May 2024 00:00:02 +0000",USD,3.64
RON,success,https://www.exchangerate-api.com/docs,https://www.exchangerate-api.com/terms,1714521602,"Wed, 01 May 2024 00:00:02 +0000",1714608002,"Thu, 02 May 2024 00:00:02 +0000",USD,4.6437
RSD,success,https://www.exchangerate-api.com/docs,https://www.exchangerate-api.com/terms,1714521602,"Wed, 01 May 2024 00:00:02 +0000",1714608002,"Thu, 02 May 2024 00:00:02 +0000",USD,109.2568
RUB,success,https://www.exchangerate-api.com/docs,https://www.exchangerate-api.com/terms,1714521602,"Wed, 01 May 2024 00:00:02 +0000",1714608002,"Thu, 02 May 2024 00:00:02 +0000",USD,93.3396
RWF,success,https://www.exchangerate-api.com/docs,https://www.exchangerate-api.com/terms,1714521602,"Wed, 01 May 2024 00:00:02 +0000",1714608002,"Thu, 02 May 2024 00:00:02 +0000",USD,1298.4402
SAR,success,https://www.exchangerate-api.com/docs,https://www.exchangerate-api.com/terms,1714521602,"Wed, 01 May 2024 00:00:02 +0000",1714608002,"Thu, 02 May 2024 00:00:02 +0000",USD,3.75
SBD,success,https://www.exchangerate-api.com/docs,https://www.exchangerate-api.com/terms,1714521602,"Wed, 01 May 2024 00:00:02 +0000",1714608002,"Thu, 02 May 2024 00:00:02 +0000",USD,8.5014
SCR,success,https://www.exchangerate-api.com/docs,https://www.exchangerate-api.com/terms,1714521602,"Wed, 01 May 2024 00:00:02 +0000",1714608002,"Thu, 02 May 2024 00:00:02 +0000",USD,14.2904
SDG,success,https://www.exchangerate-api.com/docs,https://www.exchangerate-api.com/terms,1714521602,"Wed, 01 May 2024 00:00:02 +0000",1714608002,"Thu, 02 May 2024 00:00:02 +0000",USD,543.5453
SEK,success,https://www.exchangerate-api.com/docs,https://www.exchangerate-api.com/terms,1714521602,"Wed, 01 May 2024 00:00:02 +0000",1714608002,"Thu, 02 May 2024 00:00:02 +0000",USD,10.9959
SGD,success,https://www.exchangerate-api.com/docs,https://www.exchangerate-api.com/terms,1714521602,"Wed, 01 May 2024 00:00:02 +0000",1714608002,"Thu, 02 May 2024 00:00:02 +0000",USD,1.3635
SHP,success,https://www.exchangerate-api.com/docs,https://www.exchangerate-api.com/terms,1714521602,"Wed, 01 May 2024 00:00:02 +0000",1714608002,"Thu, 02 May 2024 00:00:02 +0000",USD,0.7993
SLE,success,https://www.exchangerate-api.com/docs,https://www.exchangerate-api.com/terms,1714521602,"Wed, 01 May 2024 00:00:02 +0000",1714608002,"Thu, 02 May 2024 00:00:02 +0000",USD,22.7233
SLL,success,https://www.exchangerate-api.com/docs,https://www.exchangerate-api.com/terms,1714521602,"Wed, 01 May 2024 00:00:02 +0000",1714608002,"Thu, 02 May 2024 00:00:02 +0000",USD,22723.343
SOS,success,https://www.exchangerate-api.com/docs,https://www.exchangerate-api.com/terms,1714521602,"Wed, 01 May 2024 00:00:02 +0000",1714608002,"Thu, 02 May 2024 00:00:02 +0000",USD,571.178
SRD,success,https://www.exchangerate-api.com/docs,https://www.exchangerate-api.com/terms,1714521602,"Wed, 01 May 2024 00:00:02 +0000",1714608002,"Thu, 02 May 2024 00:00:02 +0000",USD,33.9737
SSP,success,https://www.exchangerate-api.com/docs,https://www.exchangerate-api.com/terms,1714521602,"Wed, 01 May 2024 00:00:02 +0000",1714608002,"Thu, 02 May 2024 00:00:02 +0000",USD,1583.5117
STN,success,https://www.exchangerate-api.com/docs,https://www.exchangerate-api.com/terms,1714521602,"Wed, 01 May 2024 00:00:02 +0000",1714608002,"Thu, 02 May 2024 00:00:02 +0000",USD,22.9299
SYP,success,https://www.exchangerate-api.com/docs,https://www.exchangerate-api.com/terms,1714521602,"Wed, 01 May 2024 00:00:02 +0000",1714608002,"Thu, 02 May 2024 00:00:02 +0000",USD,12955.6318
SZL,success,https://www.exchangerate-api.com/docs,https://www.exchangerate-api.com/terms,1714521602,"Wed, 01 May 2024 00:00:02 +0000",1714608002,"Thu, 02 May 2024 00:00:02 +0000",USD,18.7559
THB,success,https://www.exchangerate-api.com/docs,https://www.exchangerate-api.com/terms,1714521602,"Wed, 01 May 2024 00:00:02 +0000",1714608002,"Thu, 02 May 2024 00:00:02 +0000",USD,37.1089
TJS,success,https://www.exchangerate-api.com/docs,https://www.exchangerate-api.com/terms,1714521602,"Wed, 01 May 2024 00:00:02 +0000",1714608002,"Thu, 02 May 2024 00:00:02 +0000",USD,10.9211
TMT,success,https://www.exchangerate-api.com/docs,https://www.exchangerate-api.com/terms,1714521602,"Wed, 01 May 2024 00:00:02 +0000",1714608002,"Thu, 02 May 2024 00:00:02 +0000",USD,3.4971
TND,success,https://www.exchangerate-api.com/docs,https://www.exchangerate-api.com/terms,1714521602,"Wed, 01 May 2024 00:00:02 +0000",1714608002,"Thu, 02 May 2024 00:00:02 +0000",USD,3.1436
TOP,success,https://www.exchangerate-api.com/docs,https://www.exchangerate-api.com/terms,1714521602,"Wed, 01 May 2024 00:00:02 +0000",1714608002,"Thu, 02 May 2024 00:00:02 +0000",USD,2.3496
TRY,success,https://www.exchangerate-api.com/docs,https://www.exchangerate-api.com/terms,1714521602,"Wed, 01 May 2024 00:00:02 +0000",1714608002,"Thu, 02 May 2024 00:00:02 +0000",USD,32.4055
TTD,success,https://www.exchangerate-api.com/docs,https://www.exchangerate-api.com/terms,1714521602,"Wed, 01 May 2024 00:00:02 +0000",1714608002,"Thu, 02 May 2024 00:00:02 +0000",USD,6.7621
TVD,success,https://www.exchangerate-api.com/docs,https://www.exchangerate-api.com/terms,1714521602,"Wed, 01 May 2024 00:00:02 +0000",1714608002,"Thu, 02 May 2024 00:00:02 +0000",USD,1.5406
TWD,success,https://www.exchangerate-api.com/docs,https://www.exchangerate-api.com/terms,1714521602,"Wed, 01 May 2024 00:00:02 +0000",1714608002,"Thu, 02 May 2024 00:00:02 +0000",USD,32.6134
TZS,success,https://www.exchangerate-api.com/docs,https://www.exchangerate-api.com/terms,1714521602,"Wed, 01 May 2024 00:00:02 +0000",1714608002,"Thu, 02 May 2024 00:00:02 +0000",USD,2591.4651
UAH,success,https://www.exchangerate-api.com/docs,https://www.exchangerate-api.com/terms,1714521602,"Wed, 01 May 2024 00:00:02 +0000",1714608002,"Thu, 02 May 2024 00:00:02 +0000",USD,39.5243
UGX,success,https://www.exchangerate-api.com/docs,https://www.exchangerate-api.com/terms,1714521602,"Wed, 01 May 2024 00:00:02 +0000",1714608002,"Thu, 02 May 2024 00:00:02 +0000",USD,3805.8832
UYU,success,https://www.exchangerate-api.com/docs,https://www.exchangerate-api.com/terms,1714521602,"Wed, 01 May 2024 00:00:02 +0000",1714608002,"Thu, 02 May 2024 00:00:02 +0000",USD,38.203
UZS,success,https://www.exchangerate-api.com/docs,https://www.exchangerate-api.com/terms,1714521602,"Wed, 01 May 2024 00:00:02 +0000",1714608002,"Thu, 02 May 2024 00:00:02 +0000",USD,12582.4296
VES,success,https://www.exchangerate-api.com/docs,https://www.exchangerate-api.com/terms,1714521602,"Wed, 01 May 2024 00:00:02 +0000",1714608002,"Thu, 02 May 2024 00:00:02 +0000",USD,36.473
VND,success,https://www.exchangerate-api.com/docs,https://www.exchangerate-api.com/terms,1714521602,"Wed, 01 May 2024 00:00:02 +0000",1714608002,"Thu, 02 May 2024 00:00:02 +0000",USD,25309.0744
VUV,success,https://www.exchangerate-api.com/docs,https://www.exchangerate-api.com/terms,1714521602,"Wed, 01 May 2024 00:00:02 +0000",1714608002,"Thu, 02 May 2024 00:00:02 +0000",USD,120.9044
WST,success,https://www.exchangerate-api.com/docs,https://www.exchangerate-api.com/terms,1714521602,"Wed, 01 May 2024 00:00:02 +0000",1714608002,"Thu, 02 May 2024 00:00:02 +0000",USD,2.75
XAF,success,https://www.exchangerate-api.com/docs,https://www.exchangerate-api.com/terms,1714521602,"Wed, 01 May 2024 00:00:02 +0000",1714608002,"Thu, 02 May 2024 00:00:02 +0000",USD,613.9206
XCD,success,https://www.exchangerate-api.com/docs,https://www.exchangerate-api.com/terms,1714521602,"Wed, 01 May 2024 00:00:02 +0000",1714608002,"Thu, 02 May 2024 00:00:02 +0000",USD,2.7
XDR,success,https://www.exchangerate-api.com/docs,https://www.exchangerate-api.com/terms,1714521602,"Wed, 01 May 2024 00:00:02 +0000",1714608002,"Thu, 02 May 2024 00:00:02 +0000",USD,0.7591
XOF,success,https://www.exchangerate-api.com/docs,https://www.exchangerate-api.com/terms,1714521602,"Wed, 01 May 2024 00:00:02 +0000",1714608002,"Thu, 02 May 2024 00:00:02 +0000",USD,613.9206
XPF,success,https://www.exchangerate-api.com/docs,https://www.exchangerate-api.com/terms,1714521602,"Wed, 01 May 2024 00:00:02 +0000",1714608002,"Thu, 02 May 2024 00:00:02 +0000",USD,111.6847
YER,success,https://www.exchangerate-api.com/docs,https://www.exchangerate-api.com/terms,1714521602,"Wed, 01 May 2024 00:00:02 +0000",1714608002,"Thu, 02 May 2024 00:00:02 +0000",USD,250.0987
ZAR,success,https://www.exchangerate-api.com/docs,https://www.exchangerate-api.com/terms,1714521602,"Wed, 01 May 2024 00:00:02 +0000",1714608002,"Thu, 02 May 2024 00:00:02 +0000",USD,18.7491
ZMW,success,https://www.exchangerate-api.com/docs,https://www.exchangerate-api.com/terms,1714521602,"Wed, 01 May 2024 00:00:02 +0000",1714608002,"Thu, 02 May 2024 00:00:02 +0000",USD,26.7298
ZWL,success,https://www.exchangerate-api.com/docs,https://www.exchangerate-api.com/terms,1714521602,"Wed, 01 May 2024 00:00:02 +0000",1714608002,"Thu, 02 May 2024 00:00:02 +0000",USD,13.4301
